{"recall": 0.8358273693342008, "f1": 0.29854315328856407, "auc": 0.7799245291709087, "time": 0.9406572182973226, "precision": 0.1817343224349861}