{"LR": {"{'penalty': 'l1', 'C': 10}": {"time": 7.24326753616333, "recall": 0.8134034165571616, "precision": 0.085671776063112, "f1": 0.15501643449679134, "auc": 0.5917884658341153}, "{'penalty': 'l1', 'C': 0.001}": {"time": 0.21758564313252768, "recall": 1.0, "precision": 0.06764895437473609, "f1": 0.1267250889864907, "auc": 0.500035751739918}, "{'penalty': 'l2', 'C': 0.1}": {"time": 0.4336676597595215, "recall": 0.8291721419185283, "precision": 0.08163529335662074, "f1": 0.14863671161886813, "auc": 0.576207769881945}, "{'penalty': 'l1', 'C': 1e-05}": {"time": 0.17418559392293295, "recall": 1.0, "precision": 0.06765045781847276, "f1": 0.1267277268942548, "auc": 0.5000476689865574}, "{'penalty': 'l1', 'C': 0.1}": {"time": 1.2839709122975667, "recall": 0.8321287779237845, "precision": 0.08175714931250404, "f1": 0.14888614588843826, "auc": 0.5770306393194096}, "{'penalty': 'l2', 'C': 0.001}": {"time": 0.26798828442891437, "recall": 0.9701051248357424, "precision": 0.06806029316861806, "f1": 0.12719676085458304, "auc": 0.5031786945563019}, "{'penalty': 'l1', 'C': 0.0001}": {"time": 0.1822803020477295, "recall": 1.0, "precision": 0.06765947988441876, "f1": 0.12674355664737477, "auc": 0.5001191724663934}, "{'penalty': 'l2', 'C': 0.01}": {"time": 0.3382104237874349, "recall": 0.8423127463863338, "precision": 0.08031071853661592, "f1": 0.1466399771232485, "auc": 0.5712421773689702}, "{'penalty': 'l2', 'C': 1}": {"time": 0.5939686298370361, "recall": 0.8137319316688568, "precision": 0.08568858753935032, "f1": 0.15504992019029137, "auc": 0.5918931371567662}, "{'penalty': 'l1', 'C': 1}": {"time": 6.894874254862468, "recall": 0.8137319316688568, "precision": 0.08570341152861394, "f1": 0.1550741876917298, "auc": 0.5919527233899629}, "{'penalty': 'l2', 'C': 0.0001}": {"time": 0.2566741307576497, "recall": 0.9996714848883048, "precision": 0.06765228990662517, "f1": 0.12672830251540895, "auc": 0.5000621701302999}, "{'penalty': 'l2', 'C': 1e-05}": {"time": 0.25628240903218585, "recall": 0.9996714848883048, "precision": 0.06767786846963059, "f1": 0.12677317891140874, "auc": 0.5002647633231685}, "{'penalty': 'l1', 'C': 0.01}": {"time": 0.928063710530599, "recall": 0.8584099868593955, "precision": 0.08200219676761338, "f1": 0.14970351485290326, "auc": 0.580601694735828}, "{'penalty': 'l2', 'C': 10}": {"time": 0.6481897036234537, "recall": 0.8134034165571616, "precision": 0.085671776063112, "f1": 0.15501643449679134, "auc": 0.5917884658341153}}, "RF": {"{'max_features': 'log2', 'max_depth': 10, 'n_estimators': 1, 'min_samples_split': 10}": {"time": 0.15805315971374512, "recall": 0.7809899255365748, "precision": 0.1689134853336259, "f1": 0.2776402453830596, "auc": 0.7508248321552641}, "{'max_features': 'sqrt', 'max_depth': 1, 'n_estimators': 10, 'min_samples_split': 5}": {"time": 0.23769688606262207, "recall": 0.9509417433201928, "precision": 0.08511566977505171, "f1": 0.155355205011797, "auc": 0.5826386982721026}, "{'max_features': 'sqrt', 'max_depth': 5, 'n_estimators': 1, 'min_samples_split': 2}": {"time": 0.1488612492879232, "recall": 0.7290845378887428, "precision": 0.16918613831323334, "f1": 0.2737818423674385, "auc": 0.7338776043751402}, "{'max_features': 'log2', 'max_depth': 10, 'n_estimators': 10, 'min_samples_split': 2}": {"time": 0.591991662979126, "recall": 0.8207402540516865, "precision": 0.1692362276758312, "f1": 0.2806011711199079, "auc": 0.7641852349166495}, "{'max_features': 'log2', 'max_depth': 10, 'n_estimators': 1, 'min_samples_split': 5}": {"time": 0.15016984939575195, "recall": 0.7757336837494524, "precision": 0.17059783084178629, "f1": 0.2796514991141763, "auc": 0.7509813745597613}, "{'max_features': 'sqrt', 'max_depth': 1, 'n_estimators': 1, 'min_samples_split': 10}": {"time": 0.12272874514261882, "recall": 0.8107752956636004, "precision": 0.11850780066736362, "f1": 0.1885456300687283, "auc": 0.5813140151372314}, "{'max_features': 'sqrt', 'max_depth': 5, 'n_estimators': 1, 'min_samples_split': 5}": {"time": 0.14270710945129395, "recall": 0.7639071397284276, "precision": 0.16921826737979861, "f1": 0.27313414104255146, "auc": 0.7336235733599396}, "{'max_features': 'log2', 'max_depth': 10, 'n_estimators': 10, 'min_samples_split': 10}": {"time": 0.6041920185089111, "recall": 0.8188786684187472, "precision": 0.1711206058753015, "f1": 0.28308049891428605, "auc": 0.7655346086238396}, "{'max_features': 'log2', 'max_depth': 1, 'n_estimators': 1, 'min_samples_split': 2}": {"time": 0.12870264053344727, "recall": 0.8244634253175646, "precision": 0.11262569513992875, "f1": 0.18636757037329277, "auc": 0.5829621604294627}, "{'max_features': 'log2', 'max_depth': 1, 'n_estimators': 10, 'min_samples_split': 5}": {"time": 0.2524290879567464, "recall": 0.8252299605781866, "precision": 0.15101425398693435, "f1": 0.24990487395680003, "auc": 0.7086036350702928}, "{'max_features': 'sqrt', 'max_depth': 5, 'n_estimators': 10, 'min_samples_split': 10}": {"time": 0.3894396622975667, "recall": 0.8276390713972842, "precision": 0.16429292555364583, "f1": 0.27413653146134587, "auc": 0.7610046820424309}, "{'max_features': 'sqrt', 'max_depth': 1, 'n_estimators': 1, 'min_samples_split': 5}": {"time": 0.12791013717651367, "recall": 0.8462549277266754, "precision": 0.11413862640723493, "f1": 0.18909287579694126, "auc": 0.5919233452628991}, "{'max_features': 'log2', 'max_depth': 10, 'n_estimators': 1, 'min_samples_split': 2}": {"time": 0.15204191207885742, "recall": 0.767958826106001, "precision": 0.16796408569997204, "f1": 0.27558836981729035, "auc": 0.7458664693341839}, "{'max_features': 'sqrt', 'max_depth': 5, 'n_estimators': 10, 'min_samples_split': 5}": {"time": 0.4472472667694092, "recall": 0.8184406482698204, "precision": 0.1704601746069144, "f1": 0.2821104894008333, "auc": 0.7646005637510159}, "{'max_features': 'sqrt', 'max_depth': 10, 'n_estimators': 10, 'min_samples_split': 2}": {"time": 0.5629787445068359, "recall": 0.8158125273762593, "precision": 0.1705196526838708, "f1": 0.2820750222483026, "auc": 0.7639340070383062}, "{'max_features': 'log2', 'max_depth': 5, 'n_estimators': 1, 'min_samples_split': 5}": {"time": 0.1482069492340088, "recall": 0.7547087166009637, "precision": 0.18548068979688762, "f1": 0.297573280010804, "auc": 0.7568630499456974}, "{'max_features': 'sqrt', 'max_depth': 10, 'n_estimators': 1, 'min_samples_split': 2}": {"time": 0.15880521138509116, "recall": 0.7620455540954884, "precision": 0.17047746585781998, "f1": 0.27827097293343067, "auc": 0.7455157379273958}, "{'max_features': 'log2', 'max_depth': 5, 'n_estimators': 10, 'min_samples_split': 2}": {"time": 0.35709047317504883, "recall": 0.8275295663600525, "precision": 0.16300321134042184, "f1": 0.2723332492987514, "auc": 0.7595119150960018}, "{'max_features': 'log2', 'max_depth': 5, 'n_estimators': 10, 'min_samples_split': 5}": {"time": 0.4153475761413574, "recall": 0.82544897065265, "precision": 0.16457429097549128, "f1": 0.2744035482940049, "auc": 0.7606008319751952}, "{'max_features': 'log2', 'max_depth': 1, 'n_estimators': 1, 'min_samples_split': 5}": {"time": 0.12106736501057942, "recall": 0.5650459921156373, "precision": 0.3001291530018803, "f1": 0.29482037764994146, "auc": 0.6040741448803947}, "{'max_features': 'log2', 'max_depth': 5, 'n_estimators': 1, 'min_samples_split': 2}": {"time": 0.14226984977722168, "recall": 0.8264345159877354, "precision": 0.1599967587001579, "f1": 0.2678061879783541, "auc": 0.7547933535860754}, "{'max_features': 'sqrt', 'max_depth': 10, 'n_estimators': 10, 'min_samples_split': 5}": {"time": 0.5656602382659912, "recall": 0.8149364870784056, "precision": 0.17089188255141316, "f1": 0.28253265404750655, "auc": 0.7640322629881493}, "{'max_features': 'sqrt', 'max_depth': 1, 'n_estimators': 1, 'min_samples_split': 2}": {"time": 0.13646888732910156, "recall": 0.7110162067455104, "precision": 0.1584294647451229, "f1": 0.2467975235630578, "auc": 0.662309673271379},